-- ุณูุฑุจุช ุฅุถุงูุฉ ุจูุงูุงุช ุชุฌุฑูุจูุฉ ูุชุทุจูู ุญูุงูุฉ
-- ูุชู ุชุดุบูู ูุฐุง ุงูุณูุฑุจุช ุจุนุฏ ุฅูุดุงุก ูุงุนุฏุฉ ุงูุจูุงูุงุช ุงูุฃุณุงุณูุฉ

-- ุชุนุทูู Row Level Security ูุคูุชุงู ูุฅุฏุฑุงุฌ ุงูุจูุงูุงุช ุงูุชุฌุฑูุจูุฉ
ALTER TABLE users DISABLE ROW LEVEL SECURITY;
ALTER TABLE posts DISABLE ROW LEVEL SECURITY;
ALTER TABLE bookings DISABLE ROW LEVEL SECURITY;
ALTER TABLE follows DISABLE ROW LEVEL SECURITY;
ALTER TABLE barber_services DISABLE ROW LEVEL SECURITY;
ALTER TABLE barber_availability DISABLE ROW LEVEL SECURITY;
ALTER TABLE activation_keys DISABLE ROW LEVEL SECURITY;
ALTER TABLE post_likes DISABLE ROW LEVEL SECURITY;

-- ุฅุถุงูุฉ ูุณุชุฎุฏููู ุชุฌุฑูุจููู
INSERT INTO users (id, name, email, password_hash, role, status, level, points, is_verified, avatar_url, phone, location) VALUES
-- ุงูุนููุงุก
('11111111-1111-1111-1111-111111111111', 'ุฃุญูุฏ ูุญูุฏ', 'ahmed.customer@example.com', '$2b$12$LQv3c1yqBwEHFJ1oHF5H6uYH2FJ5vH.9X8jK1lF5bHN2sF6Wh6B.e', 'customer', 'active', 5, 120, true, 'https://i.pravatar.cc/150?img=1', '+966501234567', '{"lat": 24.7136, "lng": 46.6753, "address": "ุงูุฑูุงุถุ ุงูุณุนูุฏูุฉ"}'),
('22222222-2222-2222-2222-222222222222', 'ููุฏ ุงูุนุชูุจู', 'fahad.customer@example.com', '$2b$12$LQv3c1yqBwEHFJ1oHF5H6uYH2FJ5vH.9X8jK1lF5bHN2sF6Wh6B.e', 'customer', 'active', 3, 80, true, 'https://i.pravatar.cc/150?img=2', '+966507654321', '{"lat": 24.7240, "lng": 46.6836, "address": "ุงูุฑูุงุถุ ุงูุณุนูุฏูุฉ"}'),
('33333333-3333-3333-3333-333333333333', 'ุนุจุฏุงููู ุงูุณุงูู', 'abdullah.customer@example.com', '$2b$12$LQv3c1yqBwEHFJ1oHF5H6uYH2FJ5vH.9X8jK1lF5bHN2sF6Wh6B.e', 'customer', 'active', 7, 200, true, 'https://i.pravatar.cc/150?img=3', '+966501111111', '{"lat": 24.7311, "lng": 46.6927, "address": "ุงูุฑูุงุถุ ุงูุณุนูุฏูุฉ"}'),

-- ุงูุญูุงููู
('44444444-4444-4444-4444-444444444444', 'ุนุจุฏุงูุฑุญูู ุงูุญูุงู', 'barber1@halaga.app', '$2b$12$LQv3c1yqBwEHFJ1oHF5H6uYH2FJ5vH.9X8jK1lF5bHN2sF6Wh6B.e', 'barber', 'active', 95, 850, true, 'https://i.pravatar.cc/150?img=4', '+966502222222', '{"lat": 24.7155, "lng": 46.6788, "address": "ุตุงููู ุงูุฃูุงูุฉุ ุงูุฑูุงุถ"}'),
('55555555-5555-5555-5555-555555555555', 'ูุญูุฏ ุงููุงูุฑ', 'barber2@halaga.app', '$2b$12$LQv3c1yqBwEHFJ1oHF5H6uYH2FJ5vH.9X8jK1lF5bHN2sF6Wh6B.e', 'barber', 'active', 120, 1200, true, 'https://i.pravatar.cc/150?img=5', '+966503333333', '{"lat": 24.7201, "lng": 46.6901, "address": "ุงุณุชูุฏูู ุงูุฅุจุฏุงุนุ ุงูุฑูุงุถ"}'),
('66666666-6666-6666-6666-666666666666', 'ุณุงูู ุงูููุงู', 'barber3@halaga.app', '$2b$12$LQv3c1yqBwEHFJ1oHF5H6uYH2FJ5vH.9X8jK1lF5bHN2sF6Wh6B.e', 'barber', 'active', 88, 720, true, 'https://i.pravatar.cc/150?img=6', '+966504444444', '{"lat": 24.7088, "lng": 46.6702, "address": "ูุดุบู ุงููุฎุจุฉุ ุงูุฑูุงุถ"}'),
('77777777-7777-7777-7777-777777777777', 'ุฎุงูุฏ ุงููุจุฏุน', 'barber4@halaga.app', '$2b$12$LQv3c1yqBwEHFJ1oHF5H6uYH2FJ5vH.9X8jK1lF5bHN2sF6Wh6B.e', 'barber', 'active', 110, 950, true, 'https://i.pravatar.cc/150?img=7', '+966505555555', '{"lat": 24.7299, "lng": 46.6945, "address": "ุตุงููู ุงูุฑุฌุงูุ ุงูุฑูุงุถ"}'),

-- ูุฏูุฑ ุฅุถุงูู
('88888888-8888-8888-8888-888888888888', 'ุฅุฏุงุฑุฉ ุงููุธุงู', 'super.admin@halaga.app', '$2b$12$LQv3c1yqBwEHFJ1oHF5H6uYH2FJ5vH.9X8jK1lF5bHN2sF6Wh6B.e', 'admin', 'active', 200, 5000, true, 'https://i.pravatar.cc/150?img=8', '+966500000000', '{"lat": 24.7136, "lng": 46.6753, "address": "ููุฑ ุงูุฅุฏุงุฑุฉุ ุงูุฑูุงุถ"}');

-- ุฅุถุงูุฉ ุฎุฏูุงุช ุงูุญูุงููู
INSERT INTO barber_services (barber_id, name, description, price, duration_minutes, is_active) VALUES
-- ุฎุฏูุงุช ุนุจุฏุงูุฑุญูู ุงูุญูุงู
('44444444-4444-4444-4444-444444444444', 'ูุต ุดุนุฑ ููุงุณููู', 'ูุต ุดุนุฑ ุชูููุฏู ุฃููู ูููุงุณุจ ูุฌููุน ุงูููุงุณุจุงุช', 40.00, 30, true),
('44444444-4444-4444-4444-444444444444', 'ูุต ุดุนุฑ ุนุตุฑู', 'ูุตุงุช ุญุฏูุซุฉ ูููุงูุจุฉ ููููุถุฉ ุงูุนุงูููุฉ', 60.00, 45, true),
('44444444-4444-4444-4444-444444444444', 'ุญูุงูุฉ ุฐูู', 'ุชูุฐูุจ ูุชุดููู ุงูุฐูู ุจุงุญุชุฑุงููุฉ ุนุงููุฉ', 25.00, 20, true),
('44444444-4444-4444-4444-444444444444', 'ุญูุงู ูุฑูู', 'ุนูุงุฌ ุงูุดุนุฑ ุจุงููุฑููุงุช ุงููุบุฐูุฉ', 35.00, 40, true),

-- ุฎุฏูุงุช ูุญูุฏ ุงููุงูุฑ
('55555555-5555-5555-5555-555555555555', 'ูุต ุดุนุฑ ููุงุณููู', 'ูุต ุดุนุฑ ุชูููุฏู ุจููุณุฉ ุนุตุฑูุฉ', 45.00, 30, true),
('55555555-5555-5555-5555-555555555555', 'ูุต ุดุนุฑ VIP', 'ุฎุฏูุฉ ูููุฒุฉ ูุน ุงุณุชุดุงุฑุฉ ุดุฎุตูุฉ', 80.00, 60, true),
('55555555-5555-5555-5555-555555555555', 'ุชุตููู ุงูุดุนุฑ', 'ุชุตููู ๏ฟฝ๏ฟฝุญุชุฑุงูู ููููุงุณุจุงุช ุงูุฎุงุตุฉ', 50.00, 35, true),
('55555555-5555-5555-5555-555555555555', 'ุนูุงุฌ ุงูุดุนุฑ', 'ุฌูุณุฉ ุนูุงุฌ ุดุงููุฉ ููุดุนุฑ ุงูุชุงูู', 70.00, 50, true),

-- ุฎุฏูุงุช ุณุงูู ุงูููุงู
('66666666-6666-6666-6666-666666666666', 'ูุต ุดุนุฑ ููู', 'ูุตุงุช ุฅุจุฏุงุนูุฉ ููููุฒุฉ', 55.00, 40, true),
('66666666-6666-6666-6666-666666666666', 'ููุด ุงูุดุนุฑ', 'ุฑุณููุงุช ููููุด ูููุฉ ุนูู ุงูุดุนุฑ', 40.00, 45, true),
('66666666-6666-6666-6666-666666666666', 'ุญูุงูุฉ ุดุงููุฉ', 'ุดุนุฑ + ุฐูู + ุชูุฐูุจ', 65.00, 50, true),

-- ุฎุฏูุงุช ุฎุงูุฏ ุงููุจุฏุน
('77777777-7777-7777-7777-777777777777', 'ูุต ุดุนุฑ ููุงุณููู', 'ุงูุฃูุงูุฉ ุงูุชูููุฏูุฉ', 42.00, 30, true),
('77777777-7777-7777-7777-777777777777', 'ูุต ุดุนุฑ ุฑูุงุถู', 'ูุตุงุช ุนูููุฉ ููุฑูุงุถููู', 48.00, 35, true),
('77777777-7777-7777-7777-777777777777', 'ุญูุงูุฉ ููููุฉ', 'ุฎุฏูุฉ ูุงุฎุฑุฉ ุดุงููุฉ', 100.00, 75, true);

-- ุฅุถุงูุฉ ุฃููุงุช ุนูู ุงูุญูุงููู
INSERT INTO barber_availability (barber_id, day_of_week, start_time, end_time, is_available) VALUES
-- ุนุจุฏุงูุฑุญูู ุงูุญูุงู - ูู ุงูุณุจุช ุฅูู ุงูุฎููุณ
('44444444-4444-4444-4444-444444444444', 6, '09:00', '18:00', true),  -- ุงูุณุจุช
('44444444-4444-4444-4444-444444444444', 0, '09:00', '18:00', true),  -- ุงูุฃุญุฏ
('44444444-4444-4444-4444-444444444444', 1, '09:00', '18:00', true),  -- ุงูุงุซููู
('44444444-4444-4444-4444-444444444444', 2, '09:00', '18:00', true),  -- ุงูุซูุงุซุงุก
('44444444-4444-4444-4444-444444444444', 3, '09:00', '18:00', true),  -- ุงูุฃุฑุจุนุงุก
('44444444-4444-4444-4444-444444444444', 4, '09:00', '18:00', true),  -- ุงูุฎููุณ
('44444444-4444-4444-4444-444444444444', 5, '09:00', '18:00', false), -- ุงูุฌูุนุฉ (ูุบูู)

-- ูุญูุฏ ุงููุงูุฑ - ูุนูู 7 ุฃูุงู
('55555555-5555-5555-5555-555555555555', 6, '10:00', '20:00', true),
('55555555-5555-5555-5555-555555555555', 0, '10:00', '20:00', true),
('55555555-5555-5555-5555-555555555555', 1, '10:00', '20:00', true),
('55555555-5555-5555-5555-555555555555', 2, '10:00', '20:00', true),
('55555555-5555-5555-5555-555555555555', 3, '10:00', '20:00', true),
('55555555-5555-5555-5555-555555555555', 4, '10:00', '20:00', true),
('55555555-5555-5555-5555-555555555555', 5, '14:00', '20:00', true),  -- ุงูุฌูุนุฉ (ููุงุนูุฏ ูุญุฏูุฏุฉ)

-- ุณุงูู ุงูููุงู
('66666666-6666-6666-6666-666666666666', 6, '08:00', '17:00', true),
('66666666-6666-6666-6666-666666666666', 0, '08:00', '17:00', true),
('66666666-6666-6666-6666-666666666666', 1, '08:00', '17:00', true),
('66666666-6666-6666-6666-666666666666', 2, '08:00', '17:00', true),
('66666666-6666-6666-6666-666666666666', 3, '08:00', '17:00', true),
('66666666-6666-6666-6666-666666666666', 4, '08:00', '17:00', true),
('66666666-6666-6666-6666-666666666666', 5, '08:00', '17:00', false),

-- ุฎุงูุฏ ุงููุจุฏุน
('77777777-7777-7777-7777-777777777777', 6, '11:00', '19:00', true),
('77777777-7777-7777-7777-777777777777', 0, '11:00', '19:00', true),
('77777777-7777-7777-7777-777777777777', 1, '11:00', '19:00', true),
('77777777-7777-7777-7777-777777777777', 2, '11:00', '19:00', true),
('77777777-7777-7777-7777-777777777777', 3, '11:00', '19:00', true),
('77777777-7777-7777-7777-777777777777', 4, '11:00', '19:00', true),
('77777777-7777-7777-7777-777777777777', 5, '11:00', '19:00', false);

-- ุฅุถุงูุฉ ููุดูุฑุงุช ุชุฌุฑูุจูุฉ
INSERT INTO posts (id, user_id, image_url, caption, frame_style, likes_count, comments_count, tags) VALUES
('aaaaaaaa-aaaa-aaaa-aaaa-aaaaaaaaaaaa', '44444444-4444-4444-4444-444444444444', 'https://picsum.photos/400/600?random=1', 'ูุตุฉ ุดุนุฑ ููุงุณูููุฉ ุฃูููุฉ ูุฃ๏ฟฝ๏ฟฝุฏ ุนููุงุฆูุง ุงููููุฒูู ๐ซ', 'ุฐูุจู', 15, 3, ARRAY['ูุต_ุดุนุฑ', 'ููุงุณููู', 'ุฃูุงูุฉ']),
('bbbbbbbb-bbbb-bbbb-bbbb-bbbbbbbbbbbb', '55555555-5555-5555-5555-555555555555', 'https://picsum.photos/400/600?random=2', 'ุชุณุฑูุญุฉ ุนุตุฑูุฉ ูุน ููุณุฉ ูู ุงูุฅุจุฏุงุน โจ', 'ุฐูุจู', 28, 7, ARRAY['ุชุณุฑูุญุฉ', 'ุนุตุฑู', 'ุฅุจุฏุงุน']),
('cccccccc-cccc-cccc-cccc-cccccccccccc', '66666666-6666-6666-6666-666666666666', 'https://picsum.photos/400/600?random=3', 'ููุด ููู ุฑุงุฆุน ุนูู ุงูุดุนุฑ ๐จ', 'ุฐูุจู', 42, 12, ARRAY['ููุด', 'ููู', 'ุฅุจุฏุงุน']),
('dddddddd-dddd-dddd-dddd-dddddddddddd', '77777777-7777-7777-7777-777777777777', 'https://picsum.photos/400/600?random=4', 'ุญูุงูุฉ ููููุฉ ูุงุฎุฑุฉ ๐', 'ุฐูุจู', 31, 8, ARRAY['ุญูุงูุฉ', 'ูุงุฎุฑ', 'ูููู']),
('eeeeeeee-eeee-eeee-eeee-eeeeeeeeeeee', '44444444-4444-4444-4444-444444444444', 'https://picsum.photos/400/600?random=5', 'ุชูุฐูุจ ุงูุฐูู ุจุงุญุชุฑุงููุฉ ุนุงููุฉ ๐ฅ', 'ุฐูุจู', 19, 4, ARRAY['ุฐูู', 'ุชูุฐูุจ', 'ุงุญุชุฑุงูู']),
('ffffffff-ffff-ffff-ffff-ffffffffffff', '55555555-5555-5555-5555-555555555555', 'https://picsum.photos/400/600?random=6', 'ูุจู ูุจุนุฏ - ุชุญูู ุฑุงุฆุน! โจ', 'ุฐูุจู', 67, 15, ARRAY['ูุจู_ูุจุนุฏ', 'ุชุญูู', 'ูุฐูู']);

-- ุฅุถุงูุฉ ุญุฌูุฒุงุช ุชุฌุฑูุจูุฉ
INSERT INTO bookings (id, customer_id, barber_id, datetime, duration_minutes, service_type, price, status, notes, customer_message) VALUES
('11111111-1111-1111-1111-111111111111', '11111111-1111-1111-1111-111111111111', '44444444-4444-4444-4444-444444444444', NOW() + INTERVAL '2 days 10:00:00', 30, 'ูุต ุดุนุฑ ููุงุณููู', 40.00, 'pending', NULL, 'ุฃุฑูุฏ ูุตุฉ ุดุนุฑ ุฃูููุฉ ูุญูู ุงูุฒูุงู'),
('22222222-2222-2222-2222-222222222222', '22222222-2222-2222-2222-222222222222', '55555555-5555-5555-5555-555555555555', NOW() + INTERVAL '1 day 14:00:00', 60, 'ูุต ุดุนุฑ VIP', 80.00, 'accepted', NULL, 'ุฎุฏูุฉ ูููุฒุฉ ูู ูุถูู'),
('33333333-3333-3333-3333-333333333333', '33333333-3333-3333-3333-333333333333', '66666666-6666-6666-6666-666666666666', NOW() + INTERVAL '3 days 16:00:00', 45, 'ููุด ุงูุดุนุฑ', 40.00, 'pending', NULL, 'ุฃุฑูุฏ ููุด ูุฌูุฉ ุนูู ุฌุงูุจ ุงูุฑุฃุณ'),
('44444444-4444-4444-4444-444444444444', '11111111-1111-1111-1111-111111111111', '77777777-7777-7777-7777-777777777777', NOW() - INTERVAL '1 week', 75, 'ุญูุงูุฉ ููููุฉ', 100.00, 'completed', NULL, 'ุชุฌุฑุจุฉ ุฑุงุฆุน๏ฟฝ๏ฟฝุ ุดูุฑุงู'),
('55555555-5555-5555-5555-555555555555', '22222222-2222-2222-2222-222222222222', '44444444-4444-4444-4444-444444444444', NOW() - INTERVAL '3 days', 20, 'ุญูุงูุฉ ุฐูู', 25.00, 'completed', NULL, 'ุฎุฏูุฉ ููุชุงุฒุฉ');

-- ุฅุถุงูุฉ ูุชุงุจุนุงุช
INSERT INTO follows (follower_id, followed_id) VALUES
('11111111-1111-1111-1111-111111111111', '44444444-4444-4444-4444-444444444444'),
('11111111-1111-1111-1111-111111111111', '55555555-5555-5555-5555-555555555555'),
('11111111-1111-1111-1111-111111111111', '77777777-7777-7777-7777-777777777777'),
('22222222-2222-2222-2222-222222222222', '44444444-4444-4444-4444-444444444444'),
('22222222-2222-2222-2222-222222222222', '55555555-5555-5555-5555-555555555555'),
('22222222-2222-2222-2222-222222222222', '66666666-6666-6666-6666-666666666666'),
('33333333-3333-3333-3333-333333333333', '55555555-5555-5555-5555-555555555555'),
('33333333-3333-3333-3333-333333333333', '66666666-6666-6666-6666-666666666666'),
('33333333-3333-3333-3333-333333333333', '77777777-7777-7777-7777-777777777777');

-- ุฅุถุงูุฉ ุฅุนุฌุงุจุงุช ุนูู ุงูููุดูุฑุงุช
INSERT INTO post_likes (user_id, post_id) VALUES
('11111111-1111-1111-1111-111111111111', 'aaaaaaaa-aaaa-aaaa-aaaa-aaaaaaaaaaaa'),
('11111111-1111-1111-1111-111111111111', 'bbbbbbbb-bbbb-bbbb-bbbb-bbbbbbbbbbbb'),
('11111111-1111-1111-1111-111111111111', 'cccccccc-cccc-cccc-cccc-cccccccccccc'),
('22222222-2222-2222-2222-222222222222', 'aaaaaaaa-aaaa-aaaa-aaaa-aaaaaaaaaaaa'),
('22222222-2222-2222-2222-222222222222', 'bbbbbbbb-bbbb-bbbb-bbbb-bbbbbbbbbbbb'),
('22222222-2222-2222-2222-222222222222', 'dddddddd-dddd-dddd-dddd-dddddddddddd'),
('33333333-3333-3333-3333-333333333333', 'bbbbbbbb-bbbb-bbbb-bbbb-bbbbbbbbbbbb'),
('33333333-3333-3333-3333-333333333333', 'cccccccc-cccc-cccc-cccc-cccccccccccc'),
('33333333-3333-3333-3333-333333333333', 'ffffffff-ffff-ffff-ffff-ffffffffffff');

-- ุฅุถุงูุฉ ุชููููุงุช
INSERT INTO ratings (customer_id, barber_id, booking_id, stars, comment, helpful_count) VALUES
('11111111-1111-1111-1111-111111111111', '77777777-7777-7777-7777-777777777777', '44444444-4444-4444-4444-444444444444', 5, 'ุฎุฏูุฉ ุฑุงุฆุนุฉ ูุงุญุชุฑุงููุฉ ุนุงููุฉุ ุฃูุตุญ ุจุดุฏุฉ!', 8),
('22222222-2222-2222-2222-222222222222', '44444444-4444-4444-4444-444444444444', '55555555-5555-5555-5555-555555555555', 5, 'ุญูุงู ูุงูุฑ ุฌุฏุงู ููุชูุฌุฉ ููุชุงุฒุฉ', 5),
('11111111-1111-1111-1111-111111111111', '44444444-4444-4444-4444-444444444444', NULL, 4, 'ุฎุฏูุฉ ุฌูุฏุฉ ูุงููุชูุฌุฉ ูุฑุถูุฉ', 3),
('22222222-2222-2222-2222-222222222222', '55555555-5555-5555-5555-555555555555', NULL, 5, 'ุงูุฃ๏ฟฝ๏ฟฝุถู ูู ุงููุฏููุฉ ุจูุง ุดู!', 12),
('33333333-3333-3333-3333-333333333333', '66666666-6666-6666-6666-666666666666', NULL, 4, 'ุฅุจุฏุงุน ูู ุงูููุด ูุงูุชุตููู', 7);

-- ุฅุถุงูุฉ ููุงุชูุญ ุชูุนูู ุฅุถุงููุฉ ููุญูุงููู ุงูุฌุฏุฏ
INSERT INTO activation_keys (code, created_by, is_used)
SELECT
    'GOLDEN_' || LPAD(generate_series::text, 4, '0'),
    '88888888-8888-8888-8888-888888888888',
    false
FROM generate_series(1, 20);

-- ุชุญุฏูุซ ุงุณุชุฎุฏุงู ุจุนุถ ููุงุชูุญ ุงูุชูุนูู
UPDATE activation_keys
SET is_used = true, used_by = '44444444-4444-4444-4444-444444444444'
WHERE code = 'BARBER_0001';

UPDATE activation_keys
SET is_used = true, used_by = '55555555-5555-5555-5555-555555555555'
WHERE code = 'BARBER_0002';

UPDATE activation_keys
SET is_used = true, used_by = '66666666-6666-6666-6666-666666666666'
WHERE code = 'BARBER_0003';

UPDATE activation_keys
SET is_used = true, used_by = '77777777-7777-7777-7777-777777777777'
WHERE code = 'BARBER_0004';

-- ุฅุถุงูุฉ ุฑุณุงุฆู ุชุฌุฑูุจูุฉ
INSERT INTO messages (sender_id, receiver_id, message, message_type, is_read, created_at) VALUES
-- ูุญุงุฏุซุงุช ุจูู ุงูุนููุงุก ูุงูุญูุงููู
('11111111-1111-1111-1111-111111111111', '44444444-4444-4444-4444-444444444444', 'ูุฑุญุจุงูุ ุฃุฑูุฏ ุญุฌุฒ ููุนุฏ ููุต ุงูุดุนุฑ', 'text', true, NOW() - INTERVAL '2 hours'),
('44444444-4444-4444-4444-444444444444', '11111111-1111-1111-1111-111111111111', 'ุฃููุงู ูุณููุงูุ ูุชู ุชุฑ๏ฟฝ๏ฟฝุฏ ุงูููุนุฏุ', 'text', true, NOW() - INTERVAL '2 hours'),
('11111111-1111-1111-1111-111111111111', '44444444-4444-4444-4444-444444444444', 'ุบุฏุงู ูู ุงููุณุงุก ุฅุฐุง ุฃููู', 'text', true, NOW() - INTERVAL '1 hour 30 minutes'),
('44444444-4444-4444-4444-444444444444', '11111111-1111-1111-1111-111111111111', 'ูุชุงุญ ูู ุงูุณุงุนุฉ 6:30 ูุณุงุกูุ ูู ููุงุณุจูุ', 'text', false, NOW() - INTERVAL '30 minutes'),

('22222222-2222-2222-2222-222222222222', '55555555-5555-5555-5555-555555555555', 'ุดูุฑุงู ุนูู ุงูุฎุฏูุฉ ุงูููุชุงุฒุฉ ุงูุฃุณุจูุน ุงููุงุถู', 'text', true, NOW() - INTERVAL '1 day'),
('55555555-5555-5555-5555-555555555555', '22222222-2222-2222-2222-222222222222', 'ุงูุนููุ ุณุนุฏุช ุจุฎุฏูุชู. ูุชู ุชุฑูุฏ ุงูููุนุฏ ุงููุงุฏูุ', 'text', true, NOW() - INTERVAL '1 day'),
('22222222-2222-2222-2222-222222222222', '55555555-5555-5555-5555-555555555555', 'ุณุฃุญุฌุฒ ูุฑูุจุงูุ ุฃุจูุบู', 'text', false, NOW() - INTERVAL '23 hours'),

('33333333-3333-3333-3333-333333333333', '66666666-6666-6666-6666-666666666666', 'ูู ููููู ุนูู ููุด ุนูู ุงูุดุนุฑุ', 'text', true, NOW() - INTERVAL '3 hours'),
('66666666-6666-6666-6666-666666666666', '33333333-3333-3333-3333-333333333333', 'ุจุงูุทุจุน! ูุฏู ุชุตุงููู ุฑุงุฆุนุฉ. ุชุนุงู ูุฑุคู๏ฟฝ๏ฟฝูุง', 'text', true, NOW() - INTERVAL '2 hours 45 minutes'),
('33333333-3333-3333-3333-333333333333', '66666666-6666-6666-6666-666666666666', 'ููุชุงุฒุ ุณุขุชู ุงูููู ุจุนุฏ ุงูุนุตุฑ', 'text', true, NOW() - INTERVAL '2 hours 30 minutes'),
('66666666-6666-6666-6666-666666666666', '33333333-3333-3333-3333-333333333333', 'ุฑุงุฆุนุ ูู ุงูุชุธุงุฑู', 'text', false, NOW() - INTERVAL '2 hours 15 minutes'),

-- ูุญุงุฏุซุงุช ุจูู ุงูุญูุงููู (ุชุจุงุฏู ุฎุจุฑุงุช)
('44444444-4444-4444-4444-444444444444', '55555555-5555-5555-5555-555555555555', 'ูุง ุฑุฃูู ูู ุชูููุฉ ุงููุต ุงูุฌุฏูุฏุฉุ', 'text', true, NOW() - INTERVAL '5 hours'),
('55555555-5555-5555-5555-555555555555', '44444444-4444-4444-4444-444444444444', 'ููุชุงุฒุฉ! ุงุณุชุฎุฏูุชูุง ูุน ุนุฏุฉ ุนููุงุก', 'text', true, NOW() - INTERVAL '4 hours 30 minutes'),
('44444444-4444-4444-4444-444444444444', '55555555-5555-5555-5555-555555555555', 'ูู ูููู ุชุนูููู ุฅูุงูุงุ', 'text', false, NOW() - INTERVAL '4 hours'),

('66666666-6666-6666-6666-666666666666', '77777777-7777-7777-7777-777777777777', 'ุฃูู ุชุดุชุฑู ุฃุฏูุงุช ุงูููุดุ', 'text', true, NOW() - INTERVAL '6 hours'),
('77777777-7777-7777-7777-777777777777', '66666666-6666-6666-6666-666666666666', 'ูู ูุชุฌุฑ ุงูุฃุฏูุงุช ุงูููููุฉ ูู ุงูููุฒ', 'text', false, NOW() - INTERVAL '5 hours 30 minutes');

-- ุชุนุทูู RLS ููุฑุณุงุฆู ุฃูุถุงู
ALTER TABLE messages DISABLE ROW LEVEL SECURITY;
ALTER TABLE notifications DISABLE ROW LEVEL SECURITY;

-- ุฅุถุงูุฉ ุฅุดุนุงุฑุงุช ููุฑุณุงุฆู ุงูุฌุฏูุฏุฉ
INSERT INTO notifications (user_id, type, title, message, data, is_read, created_at) VALUES
('11111111-1111-1111-1111-111111111111', 'new_message', 'ุฑุณุงูุฉ ุฌุฏูุฏุฉ', 'ุฑุณุงูุฉ ุฌุฏูุฏุฉ ูู ุนุจุฏุงูุฑุญูู ุงูุญูุงู', '{"sender_id": "44444444-4444-4444-4444-444444444444"}', false, NOW() - INTERVAL '30 minutes'),
('22222222-2222-2222-2222-222222222222', 'new_message', 'ุฑุณุงูุฉ ุฌุฏูุฏุฉ', 'ุฑุณุงูุฉ ุฌุฏูุฏุฉ ูู ูุญูุฏ ุงููุงูุฑ', '{"sender_id": "55555555-5555-5555-5555-555555555555"}', false, NOW() - INTERVAL '23 hours'),
('33333333-3333-3333-3333-333333333333', 'new_message', 'ุฑุณุงูุฉ ุฌุฏูุฏุฉ', 'ุฑุณุงูุฉ ุฌุฏูุฏุฉ ูู ุณุงูู ุงูููุงู', '{"sender_id": "66666666-6666-6666-6666-666666666666"}', false, NOW() - INTERVAL '2 hours 15 minutes');

-- ุฅุนุงุฏุฉ ุชูููู Row Level Security
ALTER TABLE users ENABLE ROW LEVEL SECURITY;
ALTER TABLE posts ENABLE ROW LEVEL SECURITY;
ALTER TABLE bookings ENABLE ROW LEVEL SECURITY;
ALTER TABLE follows ENABLE ROW LEVEL SECURITY;
ALTER TABLE barber_services ENABLE ROW LEVEL SECURITY;
ALTER TABLE barber_availability ENABLE ROW LEVEL SECURITY;
ALTER TABLE activation_keys ENABLE ROW LEVEL SECURITY;
ALTER TABLE post_likes ENABLE ROW LEVEL SECURITY;
ALTER TABLE messages ENABLE ROW LEVEL SECURITY;
ALTER TABLE notifications ENABLE ROW LEVEL SECURITY;

-- ุฑุณุงูุฉ ุชุฃููุฏ
DO $$
BEGIN
    RAISE NOTICE 'ุชู ุฅุถุงูุฉ ุงูุจูุงูุงุช ุงูุชุฌุฑูุจูุฉ ุจูุฌุงุญ!';
    RAISE NOTICE 'ุงูุนููุงุก: %', (SELECT count(*) FROM users WHERE role = 'customer');
    RAISE NOTICE 'ุงูุญูุงููู: %', (SELECT count(*) FROM users WHERE role = 'barber');
    RAISE NOTICE 'ุงูููุดูุฑุงุช: %', (SELECT count(*) FROM posts);
    RAISE NOTICE 'ุงูุญุฌูุฒุงุช: %', (SELECT count(*) FROM bookings);
    RAISE NOTICE 'ุงูุฎุฏูุงุช: %', (SELECT count(*) FROM barber_services);
    RAISE NOTICE 'ุงูุฑุณุงุฆู: %', (SELECT count(*) FROM messages);
    RAISE NOTICE 'ุงูุฅุดุนุงุฑุงุช: %', (SELECT count(*) FROM notifications);
END
$$;
